{"Step Loss": 1.2085178241250105e-05, "_timestamp": 1726910263.3760953, "_runtime": 841.6279141902924, "_step": 4650, "Test Accuracy": 0.9963606955115245, "Test Precision": 0.9956756756756757, "Test Recall": 0.9994574064026045, "Test F1": 0.9975629569455727, "Epoch Loss": 9.429266969474332e-05, "Epoch Accuracy": 1.0, "Epoch Precision": 1.0, "Epoch Recall": 1.0, "Epoch F1": 1.0, "_wandb": {"runtime": 840}}