{"Step Loss": 0.0025500606279820204, "_timestamp": 1728299625.852271, "_runtime": 269.43412709236145, "_step": 3949, "Epoch": 50, "Loss": 0.0008494829366052927, "Train Accuracy": 0.9981796116504854, "Train Precision": 0.998371335504886, "Train Recall": 0.9991850040749797, "Train F1": 0.9987780040733197, "_wandb": {"runtime": 268}}