{"Step Loss": 0.027480587363243103, "_timestamp": 1713174499.1311707, "_runtime": 84.16071677207947, "_step": 478, "Test Accuracy": 0.9960127591706539, "Test Precision": 0.9920212765957447, "Test Recall": 0.9991071428571429, "Test F1": 0.9955516014234876, "Epoch Loss": 0.04364857707392466, "Epoch Accuracy": 0.9960127591706539, "Epoch Precision": 0.9920212765957447, "Epoch Recall": 0.9991071428571429, "Epoch F1": 0.9955516014234876, "_wandb": {"runtime": 83}}