{"Test Accuracy": 0.9962790697674418, "Test Precision": 0.9914346895074947, "Test Recall": 1.0, "Test F1": 0.9956989247311828, "_timestamp": 1716012162.6137996, "_runtime": 125.88991045951843, "_step": 100, "Epoch Loss": 0.005493445225461776, "Epoch Accuracy": 0.9996012759170654, "Epoch Precision": 0.9991079393398751, "Epoch Recall": 1.0, "Epoch F1": 0.9995537706381079, "_wandb": {"runtime": 124}}