{"Test Accuracy": 0.9934883720930232, "Test Precision": 0.9935064935064936, "Test Recall": 0.9913606911447084, "Test F1": 0.9924324324324325, "_timestamp": 1713324602.056683, "_runtime": 174.4565441608429, "_step": 100, "Epoch Loss": 0.0057777892723917205, "Epoch Accuracy": 0.9992025518341308, "Epoch Precision": 0.9982174688057041, "Epoch Recall": 1.0, "Epoch F1": 0.9991079393398752, "_wandb": {"runtime": 173}}