{"Step Loss": 0.0003463000466581434, "_timestamp": 1713175051.181422, "_runtime": 372.5528039932251, "_step": 2100, "Test Accuracy": 0.9990697674418605, "Test Precision": 0.9978448275862069, "Test Recall": 1.0, "Test F1": 0.9989212513484358, "Epoch Loss": 0.000438480730849189, "Epoch Accuracy": 1.0, "Epoch Precision": 1.0, "Epoch Recall": 1.0, "Epoch F1": 1.0, "_wandb": {"runtime": 371}}