{"Step Loss": 0.03910151869058609, "_timestamp": 1716009410.510245, "_runtime": 88.48422718048096, "_step": 475, "Test Accuracy": 0.9924242424242424, "Test Precision": 0.9875996457041629, "Test Recall": 0.9955357142857143, "Test F1": 0.9915518008003557, "Epoch Loss": 0.03546051789854848, "Epoch Accuracy": 0.9962790697674418, "Epoch Precision": 0.9914346895074947, "Epoch Recall": 1.0, "Epoch F1": 0.9956989247311828, "_wandb": {"runtime": 86}}