{"Step Loss": 9.557356679579243e-05, "_timestamp": 1716011419.9356692, "_runtime": 372.9812672138214, "_step": 2100, "Test Accuracy": 0.9990697674418605, "Test Precision": 0.9978448275862069, "Test Recall": 1.0, "Test F1": 0.9989212513484358, "Epoch Loss": 0.0008672747428405865, "Epoch Accuracy": 1.0, "Epoch Precision": 1.0, "Epoch Recall": 1.0, "Epoch F1": 1.0, "_wandb": {"runtime": 371}}