{"Step Loss": 0.0001902110961964354, "_timestamp": 1716008514.2590384, "_runtime": 372.35866355895996, "_step": 2100, "Test Accuracy": 0.9990697674418605, "Test Precision": 0.9978448275862069, "Test Recall": 1.0, "Test F1": 0.9989212513484358, "Epoch Loss": 0.0005777142657179822, "Epoch Accuracy": 1.0, "Epoch Precision": 1.0, "Epoch Recall": 1.0, "Epoch F1": 1.0, "_wandb": {"runtime": 371}}