{"Step Loss": 5.100237103761174e-05, "_timestamp": 1728299847.7696204, "_runtime": 196.38869738578796, "_step": 3949, "Epoch": 50, "Loss": 8.381183239080171e-05, "Train Accuracy": 0.9981796116504854, "Train Precision": 0.998371335504886, "Train Recall": 0.9991850040749797, "Train F1": 0.9987780040733197, "_wandb": {"runtime": 195}}